index ,smarts,smiles,ionization_center_id,acid_or_base,,
1,"[SX4:0](=[O:1])(=[O:2])([O:3]-[C,c,N,n:4])-[OX2:5]-[H:6]",NOS(=O)(=O)O,6,A ,,
1,"[SX4:0](=[O:1])(=[O:2])([O:3]-[C,c,N,n:4])-[OX2:5]-[H:6]",COS(=O)(=O)O,6,A ,,
2,"[SX4:0](=[O:1])(=[O:2])(-[C,c,N,n:3])-[OX2:4]-[H:5]",NS(=O)(=O)O,5,A ,,
2,"[SX4:0](=[O:1])(=[O:2])(-[C,c,N,n:3])-[OX2:4]-[H:5]",CS(=O)(=O)O,5,A ,,
3,[SX3:0](=[O:1])-[O:2]-[H:3],*S(=O)O,3,A ,,
4,"[c,n,o:0]-[C:1](=[O:2])-[O:3]-[H:4]",NC(=O)O,4,A ,,
4,"[c,n,o:0]-[C:1](=[O:2])-[O:3]-[H:4]",CC(=O)O,4,A ,,
4,"[c,n,o:0]-[C:1](=[O:2])-[O:3]-[H:4]",O=C(O)O,4,A ,,
5,[C:0](=[O:1])-[O:2]-[H:3],O=CO,3,A ,,
6,"[C,c,N,n:0](=[O,S:1])-[SX2,OX2:2]-[H:3]",O=NO,3,A ,,
6,"[C,c,N,n:0](=[O,S:1])-[SX2,OX2:2]-[H:3]",O=CO,3,A ,,
6,"[C,c,N,n:0](=[O,S:1])-[SX2,OX2:2]-[H:3]",S=CS,3,A ,,
6,"[C,c,N,n:0](=[O,S:1])-[SX2,OX2:2]-[H:3]",S=NS,3,A ,,
7,"[c,n:0]-[SX2:1]-[H:2]",*[SH]C,2,A ,,
7,"[c,n:0]-[SX2:1]-[H:2]",*[SH]N,2,A ,,
8,"[C,N:0]-[SX2:1]-[H:2]",*[SH]C,2,A ,,
8,"[C,N:0]-[SX2:1]-[H:2]",*[SH]N,2,A ,,
9,PX4:0](=[O:1])(-[OX2:2]-[H:3])(-[O+0:4])-[OX2:5]-[H:6],O=P([O-])(O)O,"3,6",A ,,
10,[P:0](=[O:1])([O:2][H:3])([*:4])[O:5][H:6],CP(=O)(O)O,"3,6",A ,,
10,[P:0](=[O:1])([O:2][H:3])([*:4])[O:5][H:6],NP(=O)(O)O,"3,6",A ,,
11,[PX4:0](=[O:1])(-[O:2]-[H:3])(-[H:4])-[C:5],C[PH](=O)O,3,A ,,
12,"[c,n,o:0]-[O:1]-[H:2]",CO ,2,A ,,
12,"[c,n,o:0]-[O:1]-[H:2]",OO,2,A ,,
12,"[c,n,o:0]-[O:1]-[H:2]",NO,2,A ,,
13,"[O:0]([$(C=O),$(C[Cl]),$(CF),$(C[Br]),$(CC#N):1])-[O:2]-[H:3]",O=CCOO,3,A ,,
13,"[O:0]([$(C=O),$(C[Cl]),$(CF),$(C[Br]),$(CC#N):1])-[O:2]-[H:3]",OOCCl,3,A ,,
13,"[O:0]([$(C=O),$(C[Cl]),$(CF),$(C[Br]),$(CC#N):1])-[O:2]-[H:3]",OOCF,3,A ,,
13,"[O:0]([$(C=O),$(C[Cl]),$(CF),$(C[Br]),$(CC#N):1])-[O:2]-[H:3]",OOCBr,3,A ,,
13,"[O:0]([$(C=O),$(C[Cl]),$(CF),$(C[Br]),$(CC#N):1])-[O:2]-[H:3]",N#CCOO,3,A ,,
14,[C:0]-[O:1]-[O:2]-[H:3],COO,3,A ,,
15,[O:0]=[C;R:1]-[C;R:2]=[C;R:3]-[O:4]-[H:5],*C(=O)C(*)=C(*)O,5,A ,,
16,[C:0]=[C:1]-[O:2]-[H:3],C=CO,3,A ,,
17,[C:0]-[O:1]-[H:2],CO,2,A ,,
18,[C:0](=[O:1])-[N:2]-[O:3]-[H:4],O=CNO,4,A ,,
19,"[O,S:0]=[C;R:1]([$([#8]),$([#7]),$([#16]),$([#6][Cl]),$([#6]F),$([#6][Br]):2])-[N;R:3]([C;R:4]=[O,S:5])-[H:6]",OC(=S)NC=S,6,A ,,
19,"[O,S:0]=[C;R:1]([$([#8]),$([#7]),$([#16]),$([#6][Cl]),$([#6]F),$([#6][Br]):2])-[N;R:3]([C;R:4]=[O,S:5])-[H:6]",O=CNC(=O)O,6,A ,,
19,"[O,S:0]=[C;R:1]([$([#8]),$([#7]),$([#16]),$([#6][Cl]),$([#6]F),$([#6][Br]):2])-[N;R:3]([C;R:4]=[O,S:5])-[H:6]",[N]C(=O)NC=O,6,A ,,
19,"[O,S:0]=[C;R:1]([$([#8]),$([#7]),$([#16]),$([#6][Cl]),$([#6]F),$([#6][Br]):2])-[N;R:3]([C;R:4]=[O,S:5])-[H:6]",NC(=S)NC=S,6,A ,,
19,"[O,S:0]=[C;R:1]([$([#8]),$([#7]),$([#16]),$([#6][Cl]),$([#6]F),$([#6][Br]):2])-[N;R:3]([C;R:4]=[O,S:5])-[H:6]",O=CNC(=O)S,6,A ,,
19,"[O,S:0]=[C;R:1]([$([#8]),$([#7]),$([#16]),$([#6][Cl]),$([#6]F),$([#6][Br]):2])-[N;R:3]([C;R:4]=[O,S:5])-[H:6]",*C(=S)NC(=S)S,6,A ,,
19,"[O,S:0]=[C;R:1]([$([#8]),$([#7]),$([#16]),$([#6][Cl]),$([#6]F),$([#6][Br]):2])-[N;R:3]([C;R:4]=[O,S:5])-[H:6]",*C(=O)NC(=O)CCl,6,A ,,
19,"[O,S:0]=[C;R:1]([$([#8]),$([#7]),$([#16]),$([#6][Cl]),$([#6]F),$([#6][Br]):2])-[N;R:3]([C;R:4]=[O,S:5])-[H:6]",*C(=S)NC(=S)CCl,6,A ,,
19,"[O,S:0]=[C;R:1]([$([#8]),$([#7]),$([#16]),$([#6][Cl]),$([#6]F),$([#6][Br]):2])-[N;R:3]([C;R:4]=[O,S:5])-[H:6]",*C(=O)NC(=O)CF,6,A ,,
19,"[O,S:0]=[C;R:1]([$([#8]),$([#7]),$([#16]),$([#6][Cl]),$([#6]F),$([#6][Br]):2])-[N;R:3]([C;R:4]=[O,S:5])-[H:6]",*C(=S)NC(=S)CF,6,A ,,
19,"[O,S:0]=[C;R:1]([$([#8]),$([#7]),$([#16]),$([#6][Cl]),$([#6]F),$([#6][Br]):2])-[N;R:3]([C;R:4]=[O,S:5])-[H:6]",*C(=O)NC(=O)CBr,6,A ,,
19,"[O,S:0]=[C;R:1]([$([#8]),$([#7]),$([#16]),$([#6][Cl]),$([#6]F),$([#6][Br]):2])-[N;R:3]([C;R:4]=[O,S:5])-[H:6]",*C(=S)NC(=S)CBr,6,A ,,
20,"[O,S:0]=[C;R:1]-[N;R:2]([C;R:3]=[O,S:4])-[H:5]",*C(=O)NC(*)=O,5,A ,,
20,"[O,S:0]=[C;R:1]-[N;R:2]([C;R:3]=[O,S:4])-[H:5]",*C(=S)NC(*)=S,5,A ,,
21,"[F,Cl,Br,S,s,P,p:0][#6:1][CX3:2](=[O,S:3])-[NX3+0:4]([CX3:5]=[O,S:6])-[H:7]",O=CNC(=O)CF,7,A ,,
21,"[F,Cl,Br,S,s,P,p:0][#6:1][CX3:2](=[O,S:3])-[NX3+0:4]([CX3:5]=[O,S:6])-[H:7]",O=CNC(=O)CCl,7,A ,,
21,"[F,Cl,Br,S,s,P,p:0][#6:1][CX3:2](=[O,S:3])-[NX3+0:4]([CX3:5]=[O,S:6])-[H:7]",O=CNC(=O)CBr,7,A ,,
21,"[F,Cl,Br,S,s,P,p:0][#6:1][CX3:2](=[O,S:3])-[NX3+0:4]([CX3:5]=[O,S:6])-[H:7]",O=CNC(=O)CS,7,A ,,
21,"[F,Cl,Br,S,s,P,p:0][#6:1][CX3:2](=[O,S:3])-[NX3+0:4]([CX3:5]=[O,S:6])-[H:7]",O=CNC(=O)CP,7,A ,,
21,"[F,Cl,Br,S,s,P,p:0][#6:1][CX3:2](=[O,S:3])-[NX3+0:4]([CX3:5]=[O,S:6])-[H:7]",S=CNC(=S)CF,7,A ,,
21,"[F,Cl,Br,S,s,P,p:0][#6:1][CX3:2](=[O,S:3])-[NX3+0:4]([CX3:5]=[O,S:6])-[H:7]",S=CNC(=S)CCl,7,A ,,
21,"[F,Cl,Br,S,s,P,p:0][#6:1][CX3:2](=[O,S:3])-[NX3+0:4]([CX3:5]=[O,S:6])-[H:7]",S=CNC(=S)CBr,7,A ,,
21,"[F,Cl,Br,S,s,P,p:0][#6:1][CX3:2](=[O,S:3])-[NX3+0:4]([CX3:5]=[O,S:6])-[H:7]",S=CNC(=S)CS,7,A ,,
21,"[F,Cl,Br,S,s,P,p:0][#6:1][CX3:2](=[O,S:3])-[NX3+0:4]([CX3:5]=[O,S:6])-[H:7]",S=CNC(=S)CP,7,A ,,
22,"[O,S:0]=[CX3:1]-[NX3+0:2]([CX3:3]=[O,S:4])-[H:5]",*C(=O)NC(*)=O,5,A ,,
22,"[O,S:0]=[CX3:1]-[NX3+0:2]([CX3:3]=[O,S:4])-[H:5]",*C(=S)NC(*)=S,5,A ,,
23,"[C:0](=[O:1])-[N:2](-[Br,Cl,I,F,S,O,N,P:3])-[H:4]",O=CNBr,4,A ,,
23,"[C:0](=[O:1])-[N:2](-[Br,Cl,I,F,S,O,N,P:3])-[H:4]",O=CNCl,4,A ,,
23,"[C:0](=[O:1])-[N:2](-[Br,Cl,I,F,S,O,N,P:3])-[H:4]",O=CNI,4,A ,,
23,"[C:0](=[O:1])-[N:2](-[Br,Cl,I,F,S,O,N,P:3])-[H:4]",O=CNF,4,A ,,
23,"[C:0](=[O:1])-[N:2](-[Br,Cl,I,F,S,O,N,P:3])-[H:4]",O=CNS,4,A ,,
23,"[C:0](=[O:1])-[N:2](-[Br,Cl,I,F,S,O,N,P:3])-[H:4]",O=CNO,4,A ,,
23,"[C:0](=[O:1])-[N:2](-[Br,Cl,I,F,S,O,N,P:3])-[H:4]",O=CNN,4,A ,,
23,"[C:0](=[O:1])-[N:2](-[Br,Cl,I,F,S,O,N,P:3])-[H:4]",O=CNP,4,A ,,
24,[C:0](=[O:1])-[N:2]-[H:3],[NH]C=O,3,A ,,
25,[SX4:0](=[O:1])(=[O:2])-[NX3+0:3]-[H:4],*NS(*)(=O)=O,4,A ,,
26,"[PX4:0](=[O:1])(-[C,c,N,n,F,Cl,Br,I:2])(-[C,c,N,n,F,Cl,Br,I:3])-[OX2:4]-[H:5]",CP(C)(=O)O,5,A ,,
26,"[PX4:0](=[O:1])(-[C,c,N,n,F,Cl,Br,I:2])(-[C,c,N,n,F,Cl,Br,I:3])-[OX2:4]-[H:5]",NP(N)(=O)O,5,A ,,
26,"[PX4:0](=[O:1])(-[C,c,N,n,F,Cl,Br,I:2])(-[C,c,N,n,F,Cl,Br,I:3])-[OX2:4]-[H:5]",O=P(O)(F)F,5,A ,,
26,"[PX4:0](=[O:1])(-[C,c,N,n,F,Cl,Br,I:2])(-[C,c,N,n,F,Cl,Br,I:3])-[OX2:4]-[H:5]",O=P(O)(Cl)Cl,5,A ,,
26,"[PX4:0](=[O:1])(-[C,c,N,n,F,Cl,Br,I:2])(-[C,c,N,n,F,Cl,Br,I:3])-[OX2:4]-[H:5]",O=P(O)(Br)Br,5,A ,,
26,"[PX4:0](=[O:1])(-[C,c,N,n,F,Cl,Br,I:2])(-[C,c,N,n,F,Cl,Br,I:3])-[OX2:4]-[H:5]",O=P(O)(I)I,5,A ,,
26,"[PX4:0](=[O:1])(-[C,c,N,n,F,Cl,Br,I:2])(-[C,c,N,n,F,Cl,Br,I:3])-[OX2:4]-[H:5]",CP(=O)(O)I,5,A ,,
26,"[PX4:0](=[O:1])(-[C,c,N,n,F,Cl,Br,I:2])(-[C,c,N,n,F,Cl,Br,I:3])-[OX2:4]-[H:5]",CP(=O)(O)Br,5,A ,,
26,"[PX4:0](=[O:1])(-[C,c,N,n,F,Cl,Br,I:2])(-[C,c,N,n,F,Cl,Br,I:3])-[OX2:4]-[H:5]",CP(=O)(O)Cl,5,A ,,
26,"[PX4:0](=[O:1])(-[C,c,N,n,F,Cl,Br,I:2])(-[C,c,N,n,F,Cl,Br,I:3])-[OX2:4]-[H:5]",CP(=O)(O)F,5,A ,,
26,"[PX4:0](=[O:1])(-[C,c,N,n,F,Cl,Br,I:2])(-[C,c,N,n,F,Cl,Br,I:3])-[OX2:4]-[H:5]",CP(=O)(O)Cl,5,A ,,
26,"[PX4:0](=[O:1])(-[C,c,N,n,F,Cl,Br,I:2])(-[C,c,N,n,F,Cl,Br,I:3])-[OX2:4]-[H:5]",CP(=O)(O)F,5,A ,,
26,"[PX4:0](=[O:1])(-[C,c,N,n,F,Cl,Br,I:2])(-[C,c,N,n,F,Cl,Br,I:3])-[OX2:4]-[H:5]",CP(=O)(O)N,5,A ,,
26,"[PX4:0](=[O:1])(-[C,c,N,n,F,Cl,Br,I:2])(-[C,c,N,n,F,Cl,Br,I:3])-[OX2:4]-[H:5]",[N]P(=O)(O)I,5,A ,,
26,"[PX4:0](=[O:1])(-[C,c,N,n,F,Cl,Br,I:2])(-[C,c,N,n,F,Cl,Br,I:3])-[OX2:4]-[H:5]",[N]P(=O)(O)Br,5,A ,,
26,"[PX4:0](=[O:1])(-[C,c,N,n,F,Cl,Br,I:2])(-[C,c,N,n,F,Cl,Br,I:3])-[OX2:4]-[H:5]",[N]P(=O)(O)Cl,5,A ,,
26,"[PX4:0](=[O:1])(-[C,c,N,n,F,Cl,Br,I:2])(-[C,c,N,n,F,Cl,Br,I:3])-[OX2:4]-[H:5]",[N]P(=O)(O)F,5,A ,,
27,"[PX4:0](=[O:1])(-[OX2:2]-[C,c,N,n, F,Cl,Br,I:3])(-[O+0:4]-[C,c,N,n,F,Cl, Br,I:5])-[OX2:6]-[H:7]",COP(=O)(O)OC,7,A ,,
27,"[PX4:0](=[O:1])(-[OX2:2]-[C,c,N,n, F,Cl,Br,I:3])(-[O+0:4]-[C,c,N,n,F,Cl, Br,I:5])-[OX2:6]-[H:7]",NOP(=O)(O)ON,7,A ,,
27,"[PX4:0](=[O:1])(-[OX2:2]-[C,c,N,n, F,Cl,Br,I:3])(-[O+0:4]-[C,c,N,n,F,Cl, Br,I:5])-[OX2:6]-[H:7]",O=P(O)(OF)OF,7,A ,,
27,"[PX4:0](=[O:1])(-[OX2:2]-[C,c,N,n, F,Cl,Br,I:3])(-[O+0:4]-[C,c,N,n,F,Cl, Br,I:5])-[OX2:6]-[H:7]",O=P(O)(OCl)OCl,7,A ,,
27,"[PX4:0](=[O:1])(-[OX2:2]-[C,c,N,n, F,Cl,Br,I:3])(-[O+0:4]-[C,c,N,n,F,Cl, Br,I:5])-[OX2:6]-[H:7]",O=P(O)(OBr)OBr,7,A ,,
27,"[PX4:0](=[O:1])(-[OX2:2]-[C,c,N,n, F,Cl,Br,I:3])(-[O+0:4]-[C,c,N,n,F,Cl, Br,I:5])-[OX2:6]-[H:7]",O=P(O)(OI)OI,7,A ,,
27,"[PX4:0](=[O:1])(-[OX2:2]-[C,c,N,n, F,Cl,Br,I:3])(-[O+0:4]-[C,c,N,n,F,Cl, Br,I:5])-[OX2:6]-[H:7]",COP(=O)(O)OI,7,A ,,
27,"[PX4:0](=[O:1])(-[OX2:2]-[C,c,N,n, F,Cl,Br,I:3])(-[O+0:4]-[C,c,N,n,F,Cl, Br,I:5])-[OX2:6]-[H:7]",COP(=O)(O)OBr,7,A ,,
27,"[PX4:0](=[O:1])(-[OX2:2]-[C,c,N,n, F,Cl,Br,I:3])(-[O+0:4]-[C,c,N,n,F,Cl, Br,I:5])-[OX2:6]-[H:7]",COP(=O)(O)OCl,7,A ,,
27,"[PX4:0](=[O:1])(-[OX2:2]-[C,c,N,n, F,Cl,Br,I:3])(-[O+0:4]-[C,c,N,n,F,Cl, Br,I:5])-[OX2:6]-[H:7]",COP(=O)(O)OF,7,A ,,
27,"[PX4:0](=[O:1])(-[OX2:2]-[C,c,N,n, F,Cl,Br,I:3])(-[O+0:4]-[C,c,N,n,F,Cl, Br,I:5])-[OX2:6]-[H:7]",COP(=O)(O)ON,7,A ,,
27,"[PX4:0](=[O:1])(-[OX2:2]-[C,c,N,n, F,Cl,Br,I:3])(-[O+0:4]-[C,c,N,n,F,Cl, Br,I:5])-[OX2:6]-[H:7]",[N]OP(=O)(O)OI,7,A ,,
27,"[PX4:0](=[O:1])(-[OX2:2]-[C,c,N,n, F,Cl,Br,I:3])(-[O+0:4]-[C,c,N,n,F,Cl, Br,I:5])-[OX2:6]-[H:7]",[N]OP(=O)(O)OBr,7,A ,,
27,"[PX4:0](=[O:1])(-[OX2:2]-[C,c,N,n, F,Cl,Br,I:3])(-[O+0:4]-[C,c,N,n,F,Cl, Br,I:5])-[OX2:6]-[H:7]",[N]OP(=O)(O)OCl,7,A ,,
27,"[PX4:0](=[O:1])(-[OX2:2]-[C,c,N,n, F,Cl,Br,I:3])(-[O+0:4]-[C,c,N,n,F,Cl, Br,I:5])-[OX2:6]-[H:7]",[N]OP(=O)(O)OF,7,A ,,
27,"[PX4:0](=[O:1])(-[OX2:2]-[C,c,N,n, F,Cl,Br,I:3])(-[O+0:4]-[C,c,N,n,F,Cl, Br,I:5])-[OX2:6]-[H:7]",[N]OP(=O)(O)O,7,A ,,
28,"[PX4:0](=[O:1])(-[OX2:2]-[C,c,N,n, F,Cl,Br,I:3])(-[C,c,N,n,F,Cl,Br,I:4])-[ OX2:5]-[H:6]",COP(C)(=O)O,6,A ,,
28,"[PX4:0](=[O:1])(-[OX2:2]-[C,c,N,n, F,Cl,Br,I:3])(-[C,c,N,n,F,Cl,Br,I:4])-[ OX2:5]-[H:6]",NOP(N)(=O)O,6,A ,,
28,"[PX4:0](=[O:1])(-[OX2:2]-[C,c,N,n, F,Cl,Br,I:3])(-[C,c,N,n,F,Cl,Br,I:4])-[ OX2:5]-[H:6]",O=P(O)(F)OF,6,A ,,
28,"[PX4:0](=[O:1])(-[OX2:2]-[C,c,N,n, F,Cl,Br,I:3])(-[C,c,N,n,F,Cl,Br,I:4])-[ OX2:5]-[H:6]",O=P(O)(Cl)OCl,6,A ,,
28,"[PX4:0](=[O:1])(-[OX2:2]-[C,c,N,n, F,Cl,Br,I:3])(-[C,c,N,n,F,Cl,Br,I:4])-[ OX2:5]-[H:6]",O=P(O)(Br)OBr,6,A ,,
28,"[PX4:0](=[O:1])(-[OX2:2]-[C,c,N,n, F,Cl,Br,I:3])(-[C,c,N,n,F,Cl,Br,I:4])-[ OX2:5]-[H:6]",O=P(O)(I)OI,6,A ,,
28,"[PX4:0](=[O:1])(-[OX2:2]-[C,c,N,n, F,Cl,Br,I:3])(-[C,c,N,n,F,Cl,Br,I:4])-[ OX2:5]-[H:6]",CP(=O)(O)OI,6,A ,,
28,"[PX4:0](=[O:1])(-[OX2:2]-[C,c,N,n, F,Cl,Br,I:3])(-[C,c,N,n,F,Cl,Br,I:4])-[ OX2:5]-[H:6]",COP(=O)(O)I,6,A ,,
28,"[PX4:0](=[O:1])(-[OX2:2]-[C,c,N,n, F,Cl,Br,I:3])(-[C,c,N,n,F,Cl,Br,I:4])-[ OX2:5]-[H:6]",CP(=O)(O)OBr,6,A ,,
28,"[PX4:0](=[O:1])(-[OX2:2]-[C,c,N,n, F,Cl,Br,I:3])(-[C,c,N,n,F,Cl,Br,I:4])-[ OX2:5]-[H:6]",COP(=O)(O)Br,6,A ,,
28,"[PX4:0](=[O:1])(-[OX2:2]-[C,c,N,n, F,Cl,Br,I:3])(-[C,c,N,n,F,Cl,Br,I:4])-[ OX2:5]-[H:6]",CP(=O)(O)OCl,6,A ,,
28,"[PX4:0](=[O:1])(-[OX2:2]-[C,c,N,n, F,Cl,Br,I:3])(-[C,c,N,n,F,Cl,Br,I:4])-[ OX2:5]-[H:6]",COP(=O)(O)Cl,6,A ,,
28,"[PX4:0](=[O:1])(-[OX2:2]-[C,c,N,n, F,Cl,Br,I:3])(-[C,c,N,n,F,Cl,Br,I:4])-[ OX2:5]-[H:6]",CP(=O)(O)OF,6,A ,,
28,"[PX4:0](=[O:1])(-[OX2:2]-[C,c,N,n, F,Cl,Br,I:3])(-[C,c,N,n,F,Cl,Br,I:4])-[ OX2:5]-[H:6]",COP(=O)(O)F,6,A ,,
28,"[PX4:0](=[O:1])(-[OX2:2]-[C,c,N,n, F,Cl,Br,I:3])(-[C,c,N,n,F,Cl,Br,I:4])-[ OX2:5]-[H:6]",COP([N])(=O)O,6,A ,,
28,"[PX4:0](=[O:1])(-[OX2:2]-[C,c,N,n, F,Cl,Br,I:3])(-[C,c,N,n,F,Cl,Br,I:4])-[ OX2:5]-[H:6]",CP(=O)(O)O[N],6,A ,,
29,[n:0]-[H:1],N[H],1,A ,,
30,"[PX4:0](=[O:1])(=[O:2])(-[C,c,N,n:3 ])-[OX2:4]-[H:5]",N[P](=O)(=O)O,5,A ,,
30,"[PX4:0](=[O:1])(=[O:2])(-[C,c,N,n:3 ])-[OX2:4]-[H:5]",C[P](=O)(=O)O,5,A ,,
31,"[C:0](-[C,c:1])=[NX2:2]-[O:3]-[H:4]",CC=NO,4,A ,,
32,[CX4:0]-[NX3:1](-[H:2])-[CX3:3](= [NX2:4])-[SH:5],CNC(=N)S,2,A ,,
33,[CX3:0](=[OX1:1])-[CX4:2]-[NX3:3 ](-[H:4])-[cX3:5],CNCC=O,4,A ,,
34,[CX3:0](=[OX1:1])-[CX4:2]-[NX3H 1:3](-[H:4])-[CX3:5]=[NX2H0:6],N=CNCC=O,4,A ,,
35,[NX3:0](-[H:1])-[C:2]=[C:3]-[C:4](= [O:5])-[C:6]-[O:7],*NC=CC(=O)CO,1,A ,,
36,"[c:0]-[NX3:1](-[H:2])-[C,n:3]",CNC,2,A ,,
36,"[c:0]-[NX3:1](-[H:2])-[C,n:3]",CN[N],2,A ,,
37,[NX3:0]-[OX2:1]-[H:2],*N(*)O,2,A,,
38,[SX4:0](=[O:1])(=[O:2])-[NX3:3]-[ H:4],*NS(*)(=O)=O,4,A ,,
39,[NX2:0]-[NX2:1]=[C:2]-[NX3:3]-[H :4],*NC=NN*,4,A ,,
40,[C:0]-[NX3:1](-[H:2])-[C:3](=[SX1: 4]),C[N]C=S,2,A ,,
41,[C:0](-[C:1])(-[C:2])=[NX2:3]-[H:4],CC(C)=N,4,A ,,
42,[C:0]=[NX2:1]-[NX3:2](-[H:3])-[c:4 ],C=NNC,3,A ,,
43,"[C:0]-[C:1](-[C,O:2])=[NX2:3]-[H:4]",CC(=N)O,4,A ,,
43,"[C:0]-[C:1](-[C,O:2])=[NX2:3]-[H:4]",CC(=N)C,4,A ,,
44,[cX3;r6:0]-[NX3:1]-[H:2],*NC(*)(*)CCCCCC,2,A ,,
45,[C:0](=[O:1])-[C:2](-[H:3])(-[C:4])-[ C:5](=[O:6]),CC(C=O)C=O,3,A ,,
46,[PX4:0](=[O:1])(=[O:2])-[O:3]-[H:4],O=P(=O)O,4,A ,,
47,[C:0](-[H:1])(-[C:2]=[O:3])-[C:4]=[ O:5],O=CCC=O,1,A ,,
48,"[C:0](=[S,O:1])-[NX3:2]-[H:3]",[NH]C=S,3,A ,,
48,"[C:0](=[S,O:1])-[NX3:2]-[H:3]",[NH]C=O,3,A ,,
49,[S:0]-[S:1](=[O:2])(=[O:3])-[O:4]-[H :5],O=S(=O)(O)S,5,A ,,
50,[C:0]=[N:1]-[O:2]-[H:3],C=NO,3,A ,,
51,[C:0](-[N:1])(=[N:2])-[N:3](-[C:4])-[ H:5],CNC([N])=[N],5,A ,,
52,[NX2H0;r6:0]=[C;r6:1]-[C;r6:2](-[H: 3])-[C:4]#[N:5],*N=CCC#N,3,A ,,
53,[C:0]=[NX2:1]-[H:2],C=N,2,A ,,
54,"[c,C:0]-[C:1](=[OX1:2])-[C:3]=[C:4] -[NX3:5]-[H:6]",*NC=CC(C)=O,6,A ,,
55,[N:0]-[C:1](-[N:2])=[NX2:3]-[H:4],N=C(N)N,3,B,,
56,[C:0](-[N:1])=[NX2+0:2]-[H:3],[N]C=N,2,B,,
57,[c:0]-[NX3+0:1]([H:2])[H:3],CN,1,B,,
58,[c:0]-[NX3+0:1]([H:2])[!H:3],*NC,1,B,,
59,[c:0]-[NX3+1:1]([!H:2])([!H:3])-[H: 4],*[NH+](*)C,1,B,,
60,[n+1&H1:0],[NH+],0,B,,
61,[C:0]-[NX4+1:1]-[H:2],*[NH+](*)C,1,B,,
62,"[C,c:0]-[O:1]-[NH2:2]",CON,2,B,,
63,"[CX4:0]-[NX3:1]([CX4,c:2])([CX4,c :3])",*C(*)(*)N(C)C,1,B,,
64,"[C:0](-[C,c:1])=[NX2:2]-[O:3]-[H:4]",CC=NO,2,B,,
65,"[C:0]-[nX3;H0:1]([C,c:2])([C,c:3])",CN(C)C,1,B,,
66,[c:0]:[nX2:1]:[c:2],c1ccncc1,1,B,,
67,[c:0]:[nX2:1]:[nX3:2]:[c:3]=[OX1:4],CNNC=O,1,B,,
68,[CX4:0]-[NX3:1](-[H:2])-[CX4:3],*C(*)(*)NC(*)(*)C,1,B,,
69,[C:0](=[O:1])-[N:2](-[H:3])-[NX3:4] (-[H:5])(-[H:6]),NNC=O,4,B,,
70,[c:0]:[nX2:1]:[n:2]:[n:3]:[n:4]-[CX4: 5],CNNNNC,1,B,,
71,[CX4:0](-[CX4:1])(-[CX4:2])-[NH2: 3],*C(*)(*)C(*)(N)C(*)(*)*,3,B,,
72,"[CX3:0]=[NX2:1]-[CX4,SX4:2]",*C(*)=NC(*)(*)*,1,B,,
72,"[CX3:0]=[NX2:1]-[CX4,SX4:2]",*C(*)=NS(*)(*)*,1,B,,
73,[c:0]-[NH2:1],CN ,1,B,,
74,"[!OX1:0][C,c:1]-[NX3:2](-[c:3])-[H: 4]",CCNC,2,B,,
75,"[C,c:0]-[NX2:1]=[c:2]:[nX3:3]-[H:4]",CN=CN,1,B,,
76,[nX2:0](:[c:1]):[nX3:2]-[c:3],CNNC,0,B,,
77,[c:0]=[NX2:1]-[H:2],C=N,1,B,,
78,[c:0]:[nX2:1]:[nX2:2]:[nX3:3](-[H:4] ):[nX2:5],CNNNN,1,B,,
79,[OX1:0]=[CX3:1]-[C:2]-[NH2:3],*C(=O)CN,3,B,,
80,"[C:0]=[N:1]-[N:2]=[C:3](-[NH2:4])-[ S,O,P:5]",C=NN=C([N])O,2,B,,
80,"[C:0]=[N:1]-[N:2]=[C:3](-[NH2:4])-[ S,O,P:5]",C=NN=C([N])P,2,B,,
80,"[C:0]=[N:1]-[N:2]=[C:3](-[NH2:4])-[ S,O,P:5]",C=NN=C([N])S,2,B,,
81,[nH1:0]:[c:1]:[nX2H0:2]:[nX2H0:3]: [cX3:4]:[cX3:5],CCNNCN,"2,3",B,,
83,[cX3:0]:[nX2H0:1]:[nX2H0:2]:[cX3: 3]:[sX2H0:4],CNNCS,"1,2 ",B,,
84,[cX3:0]:[cX3:1]:[nX2H0:2]:[nX2H0: 3]:[cX3:4]:[cX3:5]:[cX3:6]:[nX3:7]:[ cX3:8],CCNNCCCNC,"2,3",B,,
85,[NX3H0:0]-[CX3:1]=[NX2H0:2]-[N X2H0:3]=[CX3:4],*C(*)=NN=CN(*)*,2,B,,
86,[CX3:0]=[NX2H0:1]-[NX3H1:2]-[C X4:3],*C(*)=NN(*)C(*)(*)*,"1,2",B,,
87,[CX3:0](=[OX1:1])-[CX4:2]-[NX3:3 ](-[H:4])-[cX3:5],*C(=O)C(*)(*)NC(*)*,3,B,,
88,[CX3:0](=[OX1:1])-[CX4:2]-[NX3H 1:3](-[H:4])-[CX3:5]=[NX2H0:6],*N=C(*)NC(*)(*)C(*)=O,6,B,,
89,[C:0]-[NH:1]-[NH:2]-[C:3]=[O:4],C[N][N]C=O,1,B,,
90,[C:0]=[NX2:1]-[OX2:2],*ON=C,1,B,,
91,[PX4:0](=[OX1:1])(-[NH2:2])(-[NH 1:3]),*P(N)(N)=O,"2,3",B,,
92,[c:0]:[nX2H0:1]:[nX2H0:2]:[cX3:3]: [nX3:4]-[NX3:5],CNNCNN,"1,2",B,,
93,[c:0]:[nX2:1]:[nX3:2]:[cX3:3]:[cX3: 4],CCNNC,1,B,,
94,[C:0]=[NX2:1]-[C:2],C=NC,1,B,,
95,[PX4:0](-[NH1:1])=[OX1:2],CP(C)([N])=O,1,B,,
96,[CX4:0]-[CX4:1]-[NH2:2],*C(*)(*)C(*)(*)N,2,B,,
97,[c:0]=[NX2:1],*N=C,1,B,,
98,[PX4:0]-[NX3H0:1],*N(*)[P](*)(*)*,1,B,,
99,[C:0]-[NX3:1]-[C:2](=[SX1:3])-[NX 3:4]-[C:5],*N(C)C(=S)N(*)C,3,B,,
100,[OX2:0]-[C:1](=[OX1:2])-[NX3:3]-[ NX3:4],*OC(=O)N(*)N(*)*,4,B,,
101,[c:0]-[NX2:1]=[C:2],C=NC,1,B,,
102,"[c,S:0]-[C:1]-[NH2:2]",CC[N],2,B,,
102,"[c,S:0]-[C:1]-[NH2:2]",[N]CS,2,B,,
103,[NX3:0]-[OX2:1]-[H:2],*N(*)O,0,B,,
104,[c:0]:[n:1]:[n:2]:[c:3]:[nX3:4]-[c:5],CNCNNC,"1,2",B,,
105,[C:0]-[C:1]-[NH2:2],CC[N],2,B,,
106,[S:0]-[NH1:1]-[C:2],C[N]S,1,B,,
107,[c:0]-[NX3:1](-[H:2])-[c:4],C[N]C,1,B,,
108,[C:0]=[NX2:1]-[NX2:2]=[C:3]-[NH2 :4],C=NN=CN,2,B,,
109,[C:0]-[C:1]-[C:2]=[NX2H0:3]-[NX3 H0:4],*N(*)N=CCC,"3,4",B,,
110,[c:0]-[NX3H1:1]-[C:2]-[C:3]=[C:4]-[ c:5],*N(C)CC=CC,1,B,,
111,[NX3:0]-[C:1](=[S:2])-[NX3:3],*N(*)C(=S)N(*)*,2,B,,
112,[c:0]:[nH0:1]:[nH0:2]:[c:3]:[c:4]:[c:5 ],CCCNNC,"1,2",B,,
113,[c:0]:[c:1]-[nX3H1:2]-[C:3]-[C:4]=[ C:5],*N(C=C)CC=C,2,B,,
114,[C:0]=[C:1]-[NX3H0:2](-[C:3]-[C:4] )(-[C:5]-[C:7]),C=CN(CC)CC,2,B,,
115,[nX3:0]:[c:1]:[nX2:2]:[nX2:3]:[c:4],CNNCN,"2,3",B,,
116,[n:0]-[NX3H2:1],*N(*)N,1,B,,
117,[nX3H1:0]:[c:1]:[c:2]:[c:3](=[O:4]):[ c:5]:[c:6],CCC(=O)CCN,4,B,,
118,[C:0]-[NX3H1:1]-[NX3H2:3],CNN,"1,2",B,,
119,[OX2:0]-[C:1]-[NX3H2:2],*OCN,2,B,,
120,[c:0]:[nX2H0:1]:[nX2H0:2]:[nX3H0: 3]:[c:4],CNNNC,1,B,,
121,[SX4:0](=[O:1])(=[O:2])-[NX3H2:3],*S(N)(=O)=O,3,B,,
122,[NX3H0:0](-[C;!CSX1:1])(-[C;!CSX 1:2])-[C;!CSX1:3],CN(C)C,0,B,,
122,[NX3H0:0](-[C;!CSX1:1])(-[C;!CSX 1:2])-[C;!CSX1:3],SN(S)S,0,B,,
123,[c:0]:[c:1]:[c:2]:[c:3](-[OH:4]):[nX3 H1:5],CCCC(N)O,5,B,,
124,[C:0]-[C:1]-[NX3H0:2]-[OX2:3]-[C: 4],CC[N]OC,2,B,,
125,[c:0]:[c:1]-[NX3H1:2]-[C:3]-[C:4]-[ C:5]-[c:6],C=C[N]CCCC,2,B,,
126,[C:0](=[NX2H1:1])(-[C:2])-[C:3],CC(C)=[N],1,B,,
127,"[C,c:0]-[NX2H0:1]=[NX2H0:2]-[NX 3:3]",*NN=NC,3,B,,
128,[c:0]:[c:1]:[c:2]:[c:3]:[nX3:4]-[cX3:5 ],CCCCNC,4,B,,
129,[nX2H0:0]:[nX2H0:1]:[nX2H0:2]:[n X3H0:3]:[c:4]:[c:5],CCNNNN,0,B,,
130,[C:0]=[NX2:1]-[NH1:2]-[c:3],C=NNC,1,B,,
131,"[C:0]-[C:1](-[C,O:2])=[NH1:3]",CC(=[N])O,3,B,,
131,"[C:0]-[C:1](-[C,O:2])=[NH1:3]",CC(=[N])C,3,B,,
132,[C:0]-[NX3H0:1](-[C:2])-[NX3H1:3 ]-[C:4],*N(C)N(C)C,1,B,,
133,[nX2:0]:[nX2:1]:[cX3:2](-[C:3]):[nX 2:4]:[nX3:5]-[C:6],CNNC(C)NN,1,B,,
134,[c:0]-[C:1]=[NX2H0:2]-[NX2H0:3]= [C:4]-[SH:5],CC=NN=CS,3,B,,
135,[c:0]-[c:1]:[nX2H0:2]:[nX2H0:3]:[n X3:4](-[C:5]):[nX2:6],CCNNN(C)N,2,B,,
136,[c:0](=[SX1:1]):[nX3H1:2]:[c:3],CNC=S,"1,2",B,,
137,[C:0]=[NX2H0:1]-[NX3H0:2](-[C:3] )-[C:4],C=NN(C)C,"1,2",B,,
138,[c:0]:[nX2H0:1]:[sX2H0:2]:[c:3]:[c: 4],CCSNC,1,B,,
139,[C:0]=[NX2H0:1]-[NH2:2],C=NN,"1,2",B,,
140,[nX2H0:0]:[nX2H0:1]:[c:2]:[nH1:3]: [c:4]:[c:5]:[c:6],CCCNCNN,1,B,,
141,[NX2H0;r7:0]-[NX2H0;r7:1]=[C;r7: 2]-[NH1;r7:3]-[c;r7:4]:[c;r7:5]-[C;r7: 6],CCCNC=NN,1,B,,
142,[NX3:0](-[C:1])(-[C:2])-[C:3]=[S:4],CN(C)C=S,0,B,,
143,[c:0]:[nX2H0:1]:[nX2H0:2]:[nX2H0: 3]:[nX3H0:4],CNNNN,1,B,*,
144,[c;r5:0]:[c;r5:1]:[c;r5:2]:[c;r5:3]:[nH 1;r5:4],CNNNN[H],4,B,*,